{
    "map_header_frame_id": "map", 
    "map_origin": [
        -19.200000762939453, 
        -19.200000762939453, 
        0.0, 
        0.0, 
        0.0, 
        0.0, 
        0.0
    ], 
    "map_resolution": 0.05000000074505806
}